name,n_pp
Base,1.17451515117862e+24
Base,7.96950753706531e+23
Base,5.40759736642013e+23
Base,3.66924921537652e+23
Base,2.48971750155542e+23
Base,1.68936282975135e+23
Base,1.14629341230982e+23
Base,7.77801289317055e+22
Base,5.27766136633576e+22
Base,3.58108296814086e+22
Base,2.42989353324352e+22
Base,1.64877011658962e+22
Base,1.11874979712806e+22
Base,7.59111956227667e+21
Base,5.15084752253886e+21
Base,3.49503521618726e+21
Base,2.3715070401401e+21
Base,1.60915278203387e+21
Base,1.09186801139513e+21
Base,7.40871698211976e+20
Base,5.02708081455885e+20
Base,3.41105505542946e+20
Base,2.31452348199257e+20
Base,1.57048738928096e+20
Base,1.0656321523976e+20
Base,72306972470722100000
Base,49062880245480300000
Base,33290928049256200000
Base,22589091484959200000
Base,15327510646770700000
Base,10400266995389900000
Base,7056955044306920000
Base,4788397693967140000
Base,3249099977487640000
Base,2204631139349530000
Base,1495921484185140000
Base,1015036505157310000
Base,688738759148826000
Base,467334008130260000
Base,317102925098761000
Base,215165734478467000
Base,145997686016886000
Base,99064678555416000
Base,67218945758693100
Base,45610471207115700
Base,30948344402669600
Base,20999564264746200
Base,14248959284120400
Base,9668431121609790
Base,6560378094107400
Base,4451452380956030
Base,3020470469060910
Base,2049497798290970
Base,1390657934884210
Base,943611402398603
Base,640274258879729
Base,434449102104352
Base,294789333874459
Base,200025160407241
Base,135724261975150
Base,92093790803276.3
Base,62488947624889
Base,42400997257939.5
Base,28770600793035.2
Base,19521886797378.5
Base,13246301876567.8
Base,8988091915254.32
Base,6098743387007.94
Base,4138216550244.83
Base,2807928621009.66
Base,1905280446460.4
Base,1292801218065.93
Base,877212050265.283
Base,595219865924.772
Base,403878036911.47
Base,274045732187.606
Base,185949850356.324
Base,126173631345.578
Base,85613321176.4138
Base,58091695550.5583
Base,39417285761.0404
Base,26746029652.0452
Base,18148128846.8885
Base,12314145806.1047
Base,8355580115.95272
Base,5669552331.2898
Base,3846987098.74706
Base,2610312105.37294
Base,1771184575.93239
Base,1201807181.93509
Base,815464855.034954
Base,553318315.508446
Base,375443006.813584
Base,254748690.767372
Base,172853674.483715
Base,117285325.201883
Base,79580519.102561
Base,53996727.6628994
Base,36637443.5123766
Base,24858750.5162601
Base,16866660.3081222
Base,11443890.7023124
Base,7764475.06426097
Base,5267968.1344826
Base,3574090.18238849
Base,2424810.01599983
Base,1645046.23874398
Base,1116001.65437043
Base,757069.716074901
Base,513557.415544527
Base,348354.835026193
Base,236282.653499652
Base,160256.739840117
Base,108685.705556393
Base,73705.0646262094
Base,49979.0609731369
Base,33887.6782963983
Base,22975.0092304035
Base,15574.9653484791
Base,10557.3183237162
Base,7155.38906170596
Base,4849.1368812008
Base,3285.83858622228
Base,2226.27264917559
Base,1508.20861513296
Base,1021.63788890155
Base,691.9707292884
Base,468.637948790186
Base,317.359335956771
Base,214.899599671803
Base,145.511781143477
Base,98.5253357987948
Base,66.7106365253861
Base,45.1700793651634
Base,30.5863237874852
Base,20.7127135905989
Base,14.0279081459226
Base,9.50184317100349
Base,6.43715886109273
Base,4.36177825217148
Base,2.95614864810266
Base,2.00396919272271
Base,1.35882878360158
Base,0.921620238293275
Base,0.625251989651752
Base,0.424300662905819
Base,0.288008333679279
Base,0.195543675132895
Base,0.132795153851073
Base,0.0902008817876891
Base,0.061279923684517
Base,0.0416382004854364
Base,0.0282955862674357
Base,0.0192302420088837
Base,0.0130700312040577
Base,0.00888355476157661
Base,0.00603790624094562
Base,0.00410358049603909
Base,0.0027888133474754
Base,0
Base,0
Base,0
Base,0
Base,0
Base,0
Base,0
Base,0
Base,0
Base,0
Base,0
Base,0
Base,0
Base,0
Base,0
Base,0
Base,0
Base,0
Base,0
Base,0
Base,0
Base,0
Base,0
Base,0
Base,0
Base,0
Base,0
Base,0
Base,0
Base,0
Base,0
Base,0
Base,0
Base,0
Base,0
Base,0
Base,0
Base,0
Base,0
Base,0
Base,0
Base,0
Base,0
Base,0
Base,0
Base,0
Base,0
Base,0
Base,0
KI,1.23324090873755e+24
KI,8.36798291391857e+23
KI,5.67797723474113e+23
KI,3.85271167614535e+23
KI,2.6142033766332e+23
KI,1.77383097123891e+23
KI,1.20360808292531e+23
KI,8.16691353782908e+22
KI,5.54154443465255e+22
KI,3.7601371165479e+22
KI,2.55138820990569e+22
KI,1.7312086224191e+22
KI,1.17468728698446e+22
KI,7.9706755403905e+21
KI,5.40838989866581e+21
KI,3.66978697699662e+21
KI,2.49008239214711e+21
KI,1.68961042113556e+21
KI,1.14646141196488e+21
KI,7.77915283122574e+20
KI,5.2784348552868e+20
KI,3.58160780820094e+20
KI,2.4302496560922e+20
KI,1.64901175874501e+20
KI,1.11891376001748e+20
KI,75922321094258200000
KI,51516024257754400000
KI,34955474451719100000
KI,23718546059207200000
KI,16093886179109300000
KI,10920280345159500000
KI,7409802796522300000
KI,5027817578665530000
KI,3411554976362060000
KI,2314862696317060000
KI,1570717558394450000
KI,1065788330415230000
KI,723175697106326000
KI,490700708536837000
KI,332958071353766000
KI,225924021202460000
KI,153297570317803000
KI,104017912483261000
KI,70579893046703400
KI,47890994767548100
KI,32495761622880300
KI,22049542478060700
KI,14961407248403100
KI,10151852677765900
KI,6888396998886910
KI,4674025000076010
KI,3171493992583770
KI,2151972688272610
KI,1460190831692510
KI,990791972579389
KI,672287971881160
KI,456171557263483
KI,309528800618502
KI,210026418474317
KI,142510475117048
KI,96698480383081
KI,65613395042382.9
KI,44521047153831.1
KI,30209130862586
KI,20497981164226.5
KI,13908616994642.5
KI,9437496532724.36
KI,6403680575722.5
KI,4345127394972.52
KI,2948325067316.81
KI,2000544482264.28
KI,1357441290848.43
KI,921072663220.061
KI,624980868377.725
KI,424071946770.29
KI,287748025796.376
KI,195247348977.69
KI,132482318227.323
KI,89893991856.6122
KI,60996284342.2231
KI,41388153532.3813
KI,28083334154.7607
KI,19055537905.8735
KI,12929855362.0572
KI,8773361082.38464
KI,5953031643.64796
KI,4039337919.65129
KI,2740828977.23921
KI,1859744898.411
KI,1261898484.74921
KI,856238911.438711
KI,580984932.119978
KI,394215760.129624
KI,267486643.393268
KI,181496802.670316
KI,123149972.087445
KI,83559870.3627605
KI,56696841.4495783
KI,38469551.6596326
KI,26101888.2286444
KI,17710162.6565391
KI,12016228.0244857
KI,8152818.82022202
KI,5531467.0420147
KI,3752878.55085523
KI,2546120.22298909
KI,1727356.26323666
KI,1171849.32494044
KI,794962.277207369
KI,539267.234748556
KI,365798.584446209
KI,248117.864088684
KI,168286.582784703
KI,114133.649154167
KI,77401.2371545719
KI,52486.7030814528
KI,35588.9441694566
KI,24129.1846094388
KI,16357.9695657652
KI,11088.5070213576
KI,7515.74010647615
KI,5093.58959020065
KI,3451.66586956561
KI,2338.76143451564
KI,1584.51392047613
KI,1073.39771293909
KI,727.080163216552
KI,492.452831148945
KI,333.512864993875
KI,225.856349601083
KI,152.943557923393
KI,103.566160426262
KI,70.1297241323909
KI,47.4891847535896
KI,32.1593445726696
KI,21.7796890192149
KI,14.7516483763031
KI,9.99277561272142
KI,6.77018152404161
KI,4.5876911576517
KI,3.10940743250705
KI,2.10794404612698
KI,1.42937129580794
KI,0.969482554950768
KI,0.657727548443346
KI,0.446336979223315
KI,0.302961718762096
KI,0.205691110608611
KI,0.139681469491256
KI,0.0948742343293128
KI,0.0644515201723097
KI,0.0437906422499013
KI,0.02975636662898
KI,0.0202216075416784
KI,0.0137428105786621
KI,0.00934011319922556
KI,0.00634771429063307
KI,0.00431378950300456
KI,0.00293142742475187
KI,0
KI,0
KI,0
KI,0
KI,0
KI,0
KI,0
KI,0
KI,0
KI,0
KI,0
KI,0
KI,0
KI,0
KI,0
KI,0
KI,0
KI,0
KI,0
KI,0
KI,0
KI,0
KI,0
KI,0
KI,0
KI,0
KI,0
KI,0
KI,0
KI,0
KI,0
KI,0
KI,0
KI,0
KI,0
KI,0
KI,0
KI,0
KI,0
KI,0
KI,0
KI,0
KI,0
KI,0
KI,0
KI,0
KI,0
KI,0
KI,0
KD,1.11487180365783e+24
KD,7.56480598244871e+23
KD,5.1329928126566e+23
KD,3.48292015365818e+23
KD,2.36328653467956e+23
KD,1.60357487355303e+23
KD,1.08808319996596e+23
KD,7.38303567593923e+22
KD,5.00965512507652e+22
KD,3.39923109866495e+22
KD,2.30650050225849e+22
KD,1.56504350910656e+22
KD,1.06193828399265e+22
KD,7.20563302200481e+21
KD,4.88928104678494e+21
KD,3.31755295911525e+21
KD,2.25107894825799e+21
KD,1.52743799232121e+21
KD,1.03642158894147e+21
KD,7.03249307287149e+20
KD,4.77179936694454e+20
KD,3.23783741589594e+20
KD,2.19698908642264e+20
KD,1.49073607654404e+20
KD,1.01151801965866e+20
KD,68635134024943200000
KD,46571405858014500000
KD,31600373109254900000
KD,21441989182988600000
KD,14549160496739300000
KD,9872128437030260000
KD,6698594045963180000
KD,4545236873570330000
KD,3084106619255800000
KD,2092677214304390000
KD,1419956721316310000
KD,963491682629737000
KD,653763744035739000
KD,443602203029831000
KD,301000042183522000
KD,204239349524412000
KD,138583741023768000
KD,94034050347448600
KD,63805483669307700
KD,43294314466051400
KD,29376748788393100
KD,19933180141848600
KD,13525379320395800
KD,9177456103638700
KD,6227233893940710
KD,4225402064662320
KD,2867087202983030
KD,1945421738153380
KD,1320038586563300
KD,895693635808778
KD,607760331612695
KD,412387233583408
KD,279819562962594
KD,189867632682926
KD,128832014252973
KD,87417152948853.9
KD,59315680716566.7
KD,40247821582497.1
KD,27309593691222.5
KD,18530540956124.7
KD,12573638084850.3
KD,8531665350713.87
KD,5789041554797.11
KD,3928072723645.03
KD,2665338480304.63
KD,1808527910171.24
KD,1227151144218.48
KD,832666115303.161
KD,564993847876.082
KD,383368597275.983
KD,260129340303.172
KD,176507078377.923
KD,119766371287.076
KD,81265765069.3873
KD,55141722608.3209
KD,37415623226.8164
KD,25387829809.2944
KD,17226541561.006
KD,11688815824.8955
KD,7931271355.47688
KD,5381643685.34601
KD,3651630824.17487
KD,2477755932.66715
KD,1681240521.21735
KD,1140776972.98566
KD,774053722.293465
KD,525219424.283453
KD,356376943.63039
KD,241811720.320255
KD,164075508.542294
KD,111329052.911017
KD,75538998.8992073
KD,51254431.8686573
KD,34776714.92033
KD,23596194.1133597
KD,16009982.7711715
KD,10862614.4441691
KD,7370066.66181192
KD,5000354.75367695
KD,3392510.48940991
KD,2301606.19349618
KD,1561451.64785952
KD,1059282.61439077
KD,718586.101655476
KD,487446.704724369
KD,330639.190967346
KD,224263.049717321
KD,152101.854617018
KD,103152.974077061
KD,69951.4046830201
KD,47432.4452133361
KD,32159.9928331998
KD,21802.9263413043
KD,14779.8245553182
KD,10017.9051744627
KD,6789.46531492662
KD,4600.90869812505
KD,3117.45375852858
KD,2112.05157351576
KD,1430.73013006123
KD,969.083633842112
KD,656.323399712515
KD,444.458905253626
KD,300.959289306312
KD,203.775983936812
KD,137.967061233325
KD,93.4080686446762
KD,63.2398115474967
KD,42.8159568271872
KD,28.9896013389776
KD,19.6296941063922
KD,13.2933060774173
KD,9.00355605900017
KD,6.09915526815682
KD,4.13249122499257
KD,2.80060358985767
KD,1.89844472088731
KD,1.28723561864349
KD,0.873045336206448
KD,0.592292971994385
KD,0.401936232784608
KD,0.272832194710592
KD,0.185244970137286
KD,0.125806086475342
KD,0.0854577185096731
KD,0.0580608885133331
KD,0.0394535182655808
KD,0.0268128925657574
KD,0.0182239816328009
KD,0.0123871275199633
KD,0.00842011472470345
KD,0.00572342120668938
KD,0.00389019330378894
KD,0.0026440398673958
KD,0
KD,0
KD,0
KD,0
KD,0
KD,0
KD,0
KD,0
KD,0
KD,0
KD,0
KD,0
KD,0
KD,0
KD,0
KD,0
KD,0
KD,0
KD,0
KD,0
KD,0
KD,0
KD,0
KD,0
KD,0
KD,0
KD,0
KD,0
KD,0
KD,0
KD,0
KD,0
KD,0
KD,0
KD,0
KD,0
KD,0
KD,0
KD,0
KD,0
KD,0
KD,0
KD,0
KD,0
KD,0
KD,0
KD,0
KD,0
KD,0
LI,1.5493844834537e+24
LI,1.04932608422433e+24
LI,7.10659776699936e+23
LI,4.81296830234175e+23
LI,3.25959969015206e+23
LI,2.2075753407455e+23
LI,1.49508815447219e+23
LI,1.01255370468499e+23
LI,6.85755553479886e+22
LI,4.64430357572792e+22
LI,3.14537091155348e+22
LI,2.13021349916736e+22
LI,1.44269457550037e+22
LI,9.77069969273848e+21
LI,6.61724069022499e+21
LI,4.4815495030425e+21
LI,3.03514514409141e+21
LI,2.05556271094353e+21
LI,1.39213706693633e+21
LI,9.42829718996279e+20
LI,6.38534739240051e+20
LI,4.32449895247701e+20
LI,2.92878210702081e+20
LI,1.98352797044663e+20
LI,1.34335128588526e+20
LI,9.0978937740073e+19
LI,61615805182762800000
LI,41729520509096700000
LI,2.8261464355679e+19
LI,1.9140176014081e+19
LI,12962751442721300000
LI,8779068951202660000
LI,5945655287037500000
LI,4026715929532940000
LI,2727107508654840000
LI,1846943140243740000
LI,1250848729823480000
LI,847141696356830000
LI,573729689766231000
LI,388560447838539000
LI,263153928265245000
LI,178221922345878000
LI,120701422980840000
LI,81745462723121500
LI,55362401790879600
LI,37494381093935700
LI,25393201308685000
LI,17197634789115300
LI,11647158573691200
LI,7888079058643120
LI,5342229251892950
LI,3618043527022640
LI,2450332688016280
LI,1659496420293150
LI,1123899779888310
LI,761165073711831
LI,515501719735103
LI,349125350293148
LI,236446369652550
LI,160134134209382
LI,108451404702187
LI,73449094609457.5
LI,49743657160199.3
LI,33689066391928.2
LI,22816038413465.8
LI,15452242035210.5
LI,10465085084330
LI,7087515533158.18
LI,4800044701457.79
LI,3250847055709.52
LI,2201647517496.96
LI,1491073453015.51
LI,1009834679224.51
LI,683914035821.691
LI,463183141061.798
LI,313692372391.844
LI,212449228751.124
LI,143881958095.309
LI,97444536713.9812
LI,65994633059.9329
LI,44695078054.6151
LI,30269881993.6988
LI,20500369383.1364
LI,13883934487.2163
LI,9402932325.11664
LI,6368159286.86449
LI,4312849831.06496
LI,2920885376.45542
LI,1978173521.89542
LI,1339719452.66079
LI,907324935.010694
LI,614484882.216475
LI,416158501.116834
LI,281841765.42715
LI,190875724.159869
LI,129269037.198688
LI,87546026.5044459
LI,59289261.3597429
LI,40152519.208369
LI,27192309.9987501
LI,18415148.7625483
LI,12470944.4293136
LI,8445346.36397606
LI,5719110.3610221
LI,3872853.79469572
LI,2622550.73007482
LI,1775845.77774002
LI,1202467.51401092
LI,814190.880716535
LI,551266.66480326
LI,373230.830066916
LI,252680.120477372
LI,171056.580331366
LI,115792.621061593
LI,78377.5227191423
LI,53047.9799099456
LI,35901.2833956158
LI,24294.732342735
LI,16438.8963236565
LI,11122.1616586051
LI,7524.18939606984
LI,5089.58788243769
LI,3442.36475664758
LI,2327.99589695047
LI,1574.19706676023
LI,1064.36114169248
LI,719.572356235428
LI,486.428676059356
LI,328.797148183097
LI,222.232367698805
LI,150.19812406328
LI,101.509903589264
LI,68.6039303237586
LI,46.3657459661598
LI,31.3375480320265
LI,21.1818896876212
LI,14.3188792138548
LI,9.68078637200813
LI,6.54608690038712
LI,4.42724790273115
LI,2.99486394306923
LI,2.02637686428443
LI,1.37141850576206
LI,0.928391386991886
LI,0.628645476876094
LI,0.425788467880983
LI,0.288464706482986
LI,0.195477589933859
LI,0.132494945337353
LI,0.0898235605160565
LI,0.0609058268942812
LI,0.04130405791337
LI,0.0280142413709408
LI,0.0190021990438174
LI,0.0128900477917773
LI,0.0087442680038104
LI,0.00593174989222372
LI,0.00402365506018149
LI,0.00272923053454888
LI,0
LI,0
LI,0
LI,0
LI,0
LI,0
LI,0
LI,0
LI,0
LI,0
LI,0
LI,0
LI,0
LI,0
LI,0
LI,0
LI,0
LI,0
LI,0
LI,0
LI,0
LI,0
LI,0
LI,0
LI,0
LI,0
LI,0
LI,0
LI,0
LI,0
LI,0
LI,0
LI,0
LI,0
LI,0
LI,0
LI,0
LI,0
LI,0
LI,0
LI,0
LI,0
LI,0
LI,0
LI,0
LI,0
LI,0
LI,0
LI,0
KI_LI,1.62685370762638e+24
KI_LI,1.10179238843554e+24
KI_LI,7.46192765534932e+23
KI_LI,5.05361671745883e+23
KI_LI,3.42257967465966e+23
KI_LI,2.31795410778278e+23
KI_LI,1.5698425621958e+23
KI_LI,1.06318138991924e+23
KI_LI,7.20043331153881e+22
KI_LI,4.87651875451431e+22
KI_LI,3.30263945713116e+22
KI_LI,2.23672417412573e+22
KI_LI,1.51482930427539e+22
KI_LI,1.02592346773754e+22
KI_LI,6.94810272473624e+21
KI_LI,4.70562697819462e+21
KI_LI,3.18690240129598e+21
KI_LI,2.1583408464907e+21
KI_LI,1.46174392028315e+21
KI_LI,9.89971204946092e+20
KI_LI,6.70461476202053e+20
KI_LI,4.54072390010086e+20
KI_LI,3.07522121237185e+20
KI_LI,2.08270436896897e+20
KI_LI,1.41051885017952e+20
KI_LI,95527884627076700000
KI_LI,6.4696595441901e+19
KI_LI,43815996534551500000
KI_LI,2.9674537573463e+19
KI_LI,20097184814785100000
KI_LI,13610889014857400000
KI_LI,9218022398762820000
KI_LI,6242938051389410000
KI_LI,4228051726009630000
KI_LI,2863462884087630000
KI_LI,1939290297255980000
KI_LI,1313391166314710000
KI_LI,889498781174735000
KI_LI,602416174254610000
KI_LI,407988470230537000
KI_LI,276311624678580000
KI_LI,187133018463248000
KI_LI,126736494129960000
KI_LI,85832735859357300
KI_LI,58130521880504300
KI_LI,39369100148713600
KI_LI,26662861374200400
KI_LI,18057516528651600
KI_LI,12229516502455000
KI_LI,8282483011652870
KI_LI,5609340714563050
KI_LI,3798945703446680
KI_LI,2572849322487100
KI_LI,1742471241374630
KI_LI,1180094768946110
KI_LI,799223327457208
KI_LI,541276805777931
KI_LI,366581617860110
KI_LI,248268688183710
KI_LI,168140840964654
KI_LI,113873974978453
KI_LI,77121549377559.7
KI_LI,52230840052458.4
KI_LI,35373519742562.9
KI_LI,23956840362152.2
KI_LI,16224854162155.6
KI_LI,10988339361104.8
KI_LI,7441891329952.1
KI_LI,5040046954446.07
KI_LI,3413389424386.24
KI_LI,2311729907427.66
KI_LI,1565627138066.05
KI_LI,1060326424097.89
KI_LI,718109747194.22
KI_LI,486342306510.461
KI_LI,329376998353.872
KI_LI,223071696598.793
KI_LI,151076061587.154
KI_LI,102316768412.054
KI_LI,69294368938.6279
KI_LI,46929835624.8346
KI_LI,31783379272.3334
KI_LI,21525390604.3539
KI_LI,14578133591.14
KI_LI,9873080996.30255
KI_LI,6686569023.53593
KI_LI,4528493849.18625
KI_LI,3066930958.33186
KI_LI,2077083325.71967
KI_LI,1406706392.32108
KI_LI,952692009.576376
KI_LI,645209833.676581
KI_LI,436967029.401382
KI_LI,295934367.052666
KI_LI,200419946.258592
KI_LI,135732858.293105
KI_LI,91923639.8125483
KI_LI,62253987.3365523
KI_LI,42160366.1068159
KI_LI,28552110.628125
KI_LI,19336060.8589843
KI_LI,13094620.4524713
KI_LI,8867720.60812105
KI_LI,6005154.35507811
KI_LI,4066569.45055067
KI_LI,2753738.23841771
KI_LI,1864687.18963292
KI_LI,1262630.98732332
KI_LI,854933.041102661
KI_LI,578856.435797606
KI_LI,391913.725424668
KI_LI,265331.312727554
KI_LI,179623.191792954
KI_LI,121593.264982841
KI_LI,82305.1665826883
KI_LI,55707.3334128013
KI_LI,37701.8431551172
KI_LI,25513.7951131149
KI_LI,17264.2334465588
KI_LI,11680.9191853343
KI_LI,7902.45966881851
KI_LI,5345.6634920961
KI_LI,3615.71401994566
KI_LI,2445.34085503048
KI_LI,1653.62927783182
KI_LI,1118.12866828348
KI_LI,755.96690408224
KI_LI,511.063382677157
KI_LI,345.471748710539
KI_LI,233.518960826513
KI_LI,157.837753638436
KI_LI,106.681046271164
KI_LI,72.1042559658242
KI_LI,48.7351607592557
KI_LI,32.941485746553
KI_LI,22.2676917611768
KI_LI,15.0539573299505
KI_LI,10.1784531875398
KI_LI,6.88303937784405
KI_LI,4.65540051691397
KI_LI,3.14935759658592
KI_LI,2.13099940398128
KI_LI,1.4422733731509
KI_LI,0.976380603153055
KI_LI,0.661150177741373
KI_LI,0.447806350849436
KI_LI,0.30337991945368
KI_LI,0.205581859108737
KI_LI,0.139340339125721
KI_LI,0.0944612986804553
KI_LI,0.0640479579576642
KI_LI,0.043432924508785
KI_LI,0.0294566035597032
KI_LI,0.0199794310117262
KI_LI,0.0135521332494371
KI_LI,0.00919282856563621
KI_LI,0.00623563173369312
KI_LI,0.00422950819752591
KI_LI,0.00286866669153147
KI_LI,0
KI_LI,0
KI_LI,0
KI_LI,0
KI_LI,0
KI_LI,0
KI_LI,0
KI_LI,0
KI_LI,0
KI_LI,0
KI_LI,0
KI_LI,0
KI_LI,0
KI_LI,0
KI_LI,0
KI_LI,0
KI_LI,0
KI_LI,0
KI_LI,0
KI_LI,0
KI_LI,0
KI_LI,0
KI_LI,0
KI_LI,0
KI_LI,0
KI_LI,0
KI_LI,0
KI_LI,0
KI_LI,0
KI_LI,0
KI_LI,0
KI_LI,0
KI_LI,0
KI_LI,0
KI_LI,0
KI_LI,0
KI_LI,0
KI_LI,0
KI_LI,0
KI_LI,0
KI_LI,0
KI_LI,0
KI_LI,0
KI_LI,0
KI_LI,0
KI_LI,0
KI_LI,0
KI_LI,0
KI_LI,0
KD_LI,1.47070480265331e+24
KD_LI,9.96039994009809e+23
KD_LI,6.74571584914392e+23
KD_LI,4.56855975573845e+23
KD_LI,3.09407314338652e+23
KD_LI,2.09547190547327e+23
KD_LI,1.4191657091279e+23
KD_LI,9.61134961868957e+22
KD_LI,6.50932029279736e+22
KD_LI,4.40846003477298e+22
KD_LI,2.98564504495116e+22
KD_LI,2.02203859491277e+22
KD_LI,1.36943274158824e+22
KD_LI,9.27453134896661e+21
KD_LI,6.2812089364245e+21
KD_LI,4.25397081734112e+21
KD_LI,2.88101667974302e+21
KD_LI,1.95117866702843e+21
KD_LI,1.32144260650597e+21
KD_LI,8.94951647328499e+20
KD_LI,6.06109147013017e+20
KD_LI,4.10489549004654e+20
KD_LI,2.78005489064866e+20
KD_LI,1.88280194069739e+20
KD_LI,1.2751342283989e+20
KD_LI,86358913557959900000
KD_LI,58486877575825600000
KD_LI,39610443295744100000
KD_LI,26826311868867200000
KD_LI,18168213950865900000
KD_LI,12304486721020600000
KD_LI,8333256856024350000
KD_LI,5643727479492580000
KD_LI,3822234261236290000
KD_LI,2588621580480910000
KD_LI,1753153058903180000
KD_LI,1187329067762070000
KD_LI,804122782088644000
KD_LI,544594978957721000
KD_LI,368828862596666000
KD_LI,249790642845450000
KD_LI,169171590351673000
KD_LI,114572053845014000
KD_LI,77594325944130900
KD_LI,52551029824853400
KD_LI,35590369553925600
KD_LI,24103702804644900
KD_LI,16324317397397800
KD_LI,11055701302289300
KD_LI,7487512543866580
KD_LI,5070944172617660
KD_LI,3434314754091060
KD_LI,2325901731131000
KD_LI,1575225117631500
KD_LI,1066826744125760
KD_LI,722512159751028
KD_LI,489323897972268
KD_LI,331396328544932
KD_LI,224439327393887
KD_LI,152002322660669
KD_LI,102944106765026
KD_LI,69719257735333.2
KD_LI,47217612035032.2
KD_LI,31978293457523.4
KD_LI,21657411434210
KD_LI,14667557843701.6
KD_LI,9933654959436.16
KD_LI,6727602614526.19
KD_LI,4556292413279.97
KD_LI,3085764962557.7
KD_LI,2089845090276.76
KD_LI,1415354866702.84
KD_LI,958554000914.061
KD_LI,649184016541.877
KD_LI,439662113739.082
KD_LI,297762674235.626
KD_LI,201660784927.776
KD_LI,136575446816.779
KD_LI,92496176470.2697
KD_LI,62643338875.7467
KD_LI,42425402456.994
KD_LI,28732736371.1194
KD_LI,19459332247.4581
KD_LI,13178888555.4633
KD_LI,8925437605.36643
KD_LI,6044774414.1463
KD_LI,4093836383.4975
KD_LI,2772557833.66246
KD_LI,1877718247.46062
KD_LI,1271685831.78681
KD_LI,861248985.164789
KD_LI,583279835.084872
KD_LI,395024818.572658
KD_LI,267528944.009375
KD_LI,181182349.557763
KD_LI,122704194.390169
KD_LI,83099988.5786483
KD_LI,56278187.7131772
KD_LI,38113276.8501737
KD_LI,25811240.9084887
KD_LI,17479827.3321421
KD_LI,11837505.0209681
KD_LI,8016355.78453743
KD_LI,5428581.91861865
KD_LI,3676098.01756405
KD_LI,2489301.73223126
KD_LI,1685606.06827322
KD_LI,1141355.25529886
KD_LI,772804.685552605
KD_LI,523239.525338971
KD_LI,354250.763644663
KD_LI,239826.901007399
KD_LI,162352.539561699
KD_LI,109898.429253108
KD_LI,74386.1569320143
KD_LI,50345.1899868733
KD_LI,34071.0935364673
KD_LI,23055.4429917662
KD_LI,15599.7423130519
KD_LI,10553.9597024133
KD_LI,7139.45976683
KD_LI,4829.09237580666
KD_LI,3265.98999244031
KD_LI,2208.57941481537
KD_LI,1493.34635625249
KD_LI,1009.62232503435
KD_LI,682.512871668712
KD_LI,461.338925805936
KD_LI,311.811306084944
KD_LI,210.733035612962
KD_LI,142.413203482826
KD_LI,96.239628417892
KD_LI,65.0360384912386
KD_LI,43.9503332921136
KD_LI,29.7023344736419
KD_LI,20.0748492849161
KD_LI,13.569397911404
KD_LI,9.17336472145208
KD_LI,6.20253646503901
KD_LI,4.19463830662803
KD_LI,2.83736327933536
KD_LI,1.91972795244066
KD_LI,1.2991995988125
KD_LI,0.87948490343218
KD_LI,0.595524510929044
KD_LI,0.403356884672905
KD_LI,0.273271972565631
KD_LI,0.185187265305327
KD_LI,0.125524879565229
KD_LI,0.0851023171062428
KD_LI,0.0577077839441969
KD_LI,0.0391377668795084
KD_LI,0.0265468371959173
KD_LI,0.0180082173169103
KD_LI,0.0122167653904457
KD_LI,0.00828822982612472
KD_LI,0.00562287831066817
KD_LI,0.0038144764816936
KD_LI,0.0025875829367802
KD_LI,0
KD_LI,0
KD_LI,0
KD_LI,0
KD_LI,0
KD_LI,0
KD_LI,0
KD_LI,0
KD_LI,0
KD_LI,0
KD_LI,0
KD_LI,0
KD_LI,0
KD_LI,0
KD_LI,0
KD_LI,0
KD_LI,0
KD_LI,0
KD_LI,0
KD_LI,0
KD_LI,0
KD_LI,0
KD_LI,0
KD_LI,0
KD_LI,0
KD_LI,0
KD_LI,0
KD_LI,0
KD_LI,0
KD_LI,0
KD_LI,0
KD_LI,0
KD_LI,0
KD_LI,0
KD_LI,0
KD_LI,0
KD_LI,0
KD_LI,0
KD_LI,0
KD_LI,0
KD_LI,0
KD_LI,0
KD_LI,0
KD_LI,0
KD_LI,0
KD_LI,0
KD_LI,0
KD_LI,0
KD_LI,0
LD,8.90344427145136e+23
LD,6.0527467427145e+23
LD,4.11478322483717e+23
LD,2.79731528628409e+23
LD,1.9016731582958e+23
LD,1.29279699671846e+23
LD,8.78870308198504e+22
LD,5.97474329375437e+22
LD,4.06175485657665e+22
LD,2.76126549774445e+22
LD,1.87716576166293e+22
LD,1.27613635836105e+22
LD,8.67544059448611e+21
LD,5.89774509717116e+21
LD,4.00940987980641e+21
LD,2.72568029296483e+21
LD,1.85297419874058e+21
LD,1.25969043033419e+21
LD,8.56363775250646e+20
LD,5.82173919799477e+20
LD,3.95773948746826e+20
LD,2.69055368472375e+20
LD,1.82909439929087e+20
LD,1.24345644560545e+20
LD,84532757451840100000
LD,5.7467128082096e+19
LD,39067349860028800000
LD,26558797629586200000
LD,18055223455302800000
LD,12274316728019500000
LD,8344336004076830000
LD,5672653304602080000
LD,3856387793886800000
LD,2621652693770900000
LD,1782254071452820000
LD,1211613415749950000
LD,823680020003189000
LD,559954822662921000
LD,380668944018001000
LD,258786671843575000
LD,175928566215396000
LD,119599901301228000
LD,81306502400087300
LD,55273852742294300
LD,37576315630091300
LD,25545161523426500
LD,17366132530830900
LD,11805858373541100
LD,8025868263203390
LD,5456152304956410
LD,3709205907402680
LD,2521595383323840
LD,1714233028723420
LD,1165371294677590
LD,792243663227892
LD,538583732664110
LD,366140431906853
LD,248909886632309
LD,169214121799025
LD,115035282002997
LD,78203378986329.2
LD,53164284671214.7
LD,36142187179966.9
LD,24570211003785.5
LD,16703340741724.2
LD,11355278601366.8
LD,7719554650418.29
LD,5247913842106.66
LD,3567640983648.04
LD,2425356528907.96
LD,1648807788347.24
LD,1120893798216.56
LD,762006885954.79
LD,518028098780.762
LD,352166246170.776
LD,239409911061.577
LD,162755811582.737
LD,110644762854.311
LD,75218590445.5831
LD,51135143861.4782
LD,34762718044.9209
LD,23632404345.9987
LD,16065787311.6076
LD,10921845213.7783
LD,7424887760.84506
LD,5047584572.33462
LD,3431445501.76548
LD,2332761505.21763
LD,1585854118.87213
LD,1078091689.19161
LD,732904886.451727
LD,498240297.576104
LD,338710938.450585
LD,230260009.02456
LD,156533203.146035
LD,106412529.442657
LD,72339751.564323
LD,49176628.0810335
LD,33430079.9392902
LD,22725443.2504351
LD,15448375.6356995
LD,10501416.7562741
LD,7138493.13396667
LD,4852411.11438955
LD,3298372.2658431
LD,2241977.57505954
LD,1523879.6335661
LD,1035752.47258243
LD,703955.3698544
LD,478427.178387987
LD,325136.472130317
LD,220949.011396945
LD,150138.55131115
LD,102014.829806306
LD,69311.0372704975
LD,47087.5973272168
LD,31986.9461999517
LD,21726.9275636797
LD,14756.4024104671
LD,10021.1351731058
LD,6804.64699325599
LD,4620.03226763641
LD,3136.42013904383
LD,2128.98743209888
LD,1444.98150040243
LD,980.626166398625
LD,665.425516147056
LD,451.496294658745
LD,306.31831484233
LD,207.808046664741
LD,140.971166928984
LD,95.6281973084456
LD,64.8693839764008
LD,44.0051129801206
LD,29.8530243143666
LD,20.2538783320293
LD,13.7428190714595
LD,9.32618975213106
LD,6.33003345292998
LD,4.29727154698449
LD,2.9179313671474
LD,1.98180836074187
LD,1.34635448492874
LD,0.914898695046172
LD,0.621877180135076
LD,0.422818434184921
LD,0.287553022765091
LD,0.195610064725734
LD,0.133096264916425
LD,0.0905799571369061
LD,0.0616564434276581
LD,0.0419751370035229
LD,0.0285798215102748
LD,0.0194610674255532
LD,0.0132525597373792
LD,0.00902508262201627
LD,0.00614597797734592
LD,0.00418510440163278
LD,0.0028497046246295
LD,0
LD,0
LD,0
LD,0
LD,0
LD,0
LD,0
LD,0
LD,0
LD,0
LD,0
LD,0
LD,0
LD,0
LD,0
LD,0
LD,0
LD,0
LD,0
LD,0
LD,0
LD,0
LD,0
LD,0
LD,0
LD,0
LD,0
LD,0
LD,0
LD,0
LD,0
LD,0
LD,0
LD,0
LD,0
LD,0
LD,0
LD,0
LD,0
LD,0
LD,0
LD,0
LD,0
LD,0
LD,0
LD,0
LD,0
LD,0
LD,0
KI_LD,9.34861648502393e+23
KI_LD,6.35538407985022e+23
KI_LD,4.32052238607903e+23
KI_LD,2.9371810505983e+23
KI_LD,1.99675681621059e+23
KI_LD,1.35743684655438e+23
KI_LD,9.22813823608429e+22
KI_LD,6.27348045844209e+22
KI_LD,4.26484259940548e+22
KI_LD,2.89932877263167e+22
KI_LD,1.97102404974608e+22
KI_LD,1.3399431762791e+22
KI_LD,9.10921262421042e+21
KI_LD,6.19263235202972e+21
KI_LD,4.20988037379673e+21
KI_LD,2.86196430761307e+21
KI_LD,1.94562290867761e+21
KI_LD,1.3226749518509e+21
KI_LD,8.99181964013178e+20
KI_LD,6.11282615789451e+20
KI_LD,4.15562646184167e+20
KI_LD,2.82508136895994e+20
KI_LD,1.92054911925541e+20
KI_LD,1.30562926788572e+20
KI_LD,88759395324432200000
KI_LD,60340484486200800000
KI_LD,41020717353030200000
KI_LD,27886737511065500000
KI_LD,18957984628067900000
KI_LD,12888032564420500000
KI_LD,8761552804280700000
KI_LD,5956285969832220000
KI_LD,4049207183581180000
KI_LD,2752735328459490000
KI_LD,1871366775025500000
KI_LD,1272194086537500000
KI_LD,864864021003399000
KI_LD,587952563796122000
KI_LD,399702391218960000
KI_LD,271726005435816000
KI_LD,184724994526230000
KI_LD,125579896366356000
KI_LD,85371827520160800
KI_LD,58037545379479700
KI_LD,39455131411667700
KI_LD,26822419599670300
KI_LD,18234439157445100
KI_LD,12396151292290400
KI_LD,8427161676434850
KI_LD,5728959920274180
KI_LD,3894666202840990
KI_LD,2647675152556060
KI_LD,1799944680223120
KI_LD,1223639859472220
KI_LD,831855846447040
KI_LD,565512919351888
KI_LD,384447453553464
KI_LD,261355381011821
KI_LD,177674827933479
KI_LD,120787046144280
KI_LD,82113547973470.7
KI_LD,55822498939388.5
KI_LD,37949296570490.3
KI_LD,25798721582557.9
KI_LD,17538507804614.6
KI_LD,11923042554634.9
KI_LD,8105532403716.22
KI_LD,5510309552750.71
KI_LD,3746023049314.56
KI_LD,2546624369962.84
KI_LD,1731248190673.27
KI_LD,1176938499501.04
KI_LD,800107240247.566
KI_LD,543929512482.314
KI_LD,369774566144.552
KI_LD,251380413306.814
KI_LD,170893607994.169
KI_LD,116177006071.977
KI_LD,78979524377.7263
KI_LD,53691904881.8964
KI_LD,36500857265.5039
KI_LD,24814027437.7748
KI_LD,16869079165.2919
KI_LD,11467939626.7358
KI_LD,7796134009.59473
KI_LD,5299965408.76894
KI_LD,3603019165.47149
KI_LD,2449400779.18309
KI_LD,1665147859.02193
KI_LD,1131997165.38519
KI_LD,769550899.10923
KI_LD,523152973.899873
KI_LD,355647054.217947
KI_LD,241773498.094095
KI_LD,164360282.41712
KI_LD,111733514.823945
KI_LD,75957045.922711
KI_LD,51635721.157347
KI_LD,35101806.6119935
KI_LD,23861904.4171851
KI_LD,16220954.3935898
KI_LD,11026622.5927789
KI_LD,7495531.34559644
KI_LD,5095126.86237656
KI_LD,3463370.392542
KI_LD,2354142.6225214
KI_LD,1600128.46516496
KI_LD,1087585.38122458
KI_LD,739190.372253361
KI_LD,502379.022193316
KI_LD,341418.147326871
KI_LD,232016.632330664
KI_LD,157661.776846351
KI_LD,107128.680822791
KI_LD,72787.0857712703
KI_LD,49450.3428656273
KI_LD,33592.9296838284
KI_LD,22818.5133260774
KI_LD,15498.3394045834
KI_LD,10525.4112083937
KI_LD,7147.38447347341
KI_LD,4852.97369673499
KI_LD,3294.73574329255
KI_LD,2236.58256972904
KI_LD,1518.10445006931
KI_LD,1030.32054027409
KI_LD,699.19727595713
KI_LD,474.446879834879
KI_LD,321.91485564564
KI_LD,218.40688626068
KI_LD,148.173698200291
KI_LD,100.522719580018
KI_LD,68.1954858702518
KI_LD,46.2653961886708
KI_LD,31.3890356425425
KI_LD,21.2977150415756
KI_LD,14.4522003647642
KI_LD,9.80829112125046
KI_LD,6.65768395800592
KI_LD,4.51996085498167
KI_LD,3.06928953461663
KI_LD,2.08468857717719
KI_LD,1.41628688849288
KI_LD,0.962437266707888
KI_LD,0.654194459615262
KI_LD,0.444789125810566
KI_LD,0.302490304523386
KI_LD,0.205765916488533
KI_LD,0.140001453762412
KI_LD,0.0952750722072584
KI_LD,0.0648489004738671
KI_LD,0.0441458791910087
KI_LD,0.0300558393735499
KI_LD,0.0204646899584309
KI_LD,0.0139349598424685
KI_LD,0.00948905545008819
KI_LD,0.00646141899402703
KI_LD,0.00439954426506035
KI_LD,0.00299546682005383
KI_LD,0
KI_LD,0
KI_LD,0
KI_LD,0
KI_LD,0
KI_LD,0
KI_LD,0
KI_LD,0
KI_LD,0
KI_LD,0
KI_LD,0
KI_LD,0
KI_LD,0
KI_LD,0
KI_LD,0
KI_LD,0
KI_LD,0
KI_LD,0
KI_LD,0
KI_LD,0
KI_LD,0
KI_LD,0
KI_LD,0
KI_LD,0
KI_LD,0
KI_LD,0
KI_LD,0
KI_LD,0
KI_LD,0
KI_LD,0
KI_LD,0
KI_LD,0
KI_LD,0
KI_LD,0
KI_LD,0
KI_LD,0
KI_LD,0
KI_LD,0
KI_LD,0
KI_LD,0
KI_LD,0
KI_LD,0
KI_LD,0
KI_LD,0
KI_LD,0
KI_LD,0
KI_LD,0
KI_LD,0
KI_LD,0
KD_LD,8.45131624204172e+23
KD_LD,5.74538069718603e+23
KD_LD,3.90582938920091e+23
KD_LD,2.65526411940248e+23
KD_LD,1.80510381822609e+23
KD_LD,1.22714714922885e+23
KD_LD,8.34240175360299e+22
KD_LD,5.67133836086841e+22
KD_LD,3.85549386776611e+22
KD_LD,2.62104498418711e+22
KD_LD,1.78184093782849e+22
KD_LD,1.21133255891303e+22
KD_LD,8.23489087679736e+21
KD_LD,5.59825022895544e+21
KD_LD,3.80580703434749e+21
KD_LD,2.58726684058771e+21
KD_LD,1.75887785271078e+21
KD_LD,1.19572177566878e+21
KD_LD,8.12876552288699e+20
KD_LD,5.5261040043466e+20
KD_LD,3.75676052912026e+20
KD_LD,2.55392400542138e+20
KD_LD,1.73621069932688e+20
KD_LD,1.18031217297705e+20
KD_LD,80240078362488900000
KD_LD,5.4548875484177e+19
KD_LD,37083460999949100000
KD_LD,25210108687458800000
KD_LD,17138356639213200000
KD_LD,11651011581674700000
KD_LD,7920600191369780000
KD_LD,5384588878977730000
KD_LD,3660555601228450000
KD_LD,2488521892915310000
KD_LD,1691748981886810000
KD_LD,1150086171981350000
KD_LD,781852518987350000
KD_LD,531519616824515000
KD_LD,361338099204528000
KD_LD,245645161163957000
KD_LD,166994693712206000
KD_LD,113526468813208000
KD_LD,77177656575013800
KD_LD,52466977407653900
KD_LD,35668143351928800
KD_LD,24247946289742500
KD_LD,16484258613177100
KD_LD,11206342127937600
KD_LD,7618304640391290
KD_LD,5179082070650370
KD_LD,3520847794849180
KD_LD,2393545617698370
KD_LD,1627182132669980
KD_LD,1106192283558930
KD_LD,752012539646787
KD_LD,511233777435121
KD_LD,347547363047737
KD_LD,236269931403781
KD_LD,160621217131823
KD_LD,109193646547551
KD_LD,74232113609249.8
KD_LD,50464535805531.2
KD_LD,34306841705594.4
KD_LD,23322504947548
KD_LD,15855124193758.2
KD_LD,10778643336568.5
KD_LD,7327545994926.18
KD_LD,4981418198650.39
KD_LD,3386471698341.53
KD_LD,2302193877946.03
KD_LD,1565079254821.49
KD_LD,1063973398541.97
KD_LD,723311213677.938
KD_LD,491721975529.369
KD_LD,334282796227.096
KD_LD,227252369741.543
KD_LD,154490862120.611
KD_LD,105026078352.098
KD_LD,71398891935.6947
KD_LD,48538433465.6888
KD_LD,32997420416.3233
KD_LD,22432318413.2688
KD_LD,15249944045.6543
KD_LD,10367218101.9445
KD_LD,7047840819.23515
KD_LD,4791260318.43442
KD_LD,3257191035.71047
KD_LD,2214299781.37444
KD_LD,1505321454.93611
KD_LD,1023343982.39334
KD_LD,695686323.263554
KD_LD,472938404.452069
KD_LD,321510239.404491
KD_LD,218566664.432697
KD_LD,148583867.226025
KD_LD,101008443.422093
KD_LD,68665974.6775737
KD_LD,46679147.0334625
KD_LD,31732265.3582531
KD_LD,21571255.0370279
KD_LD,14663752.776334
KD_LD,9968029.30903778
KD_LD,6775898.27933176
KD_LD,4605922.46448949
KD_LD,3130813.16657725
KD_LD,2128074.82809818
KD_LD,1446452.23145865
KD_LD,983120.621766522
KD_LD,668179.091325781
KD_LD,454108.872979826
KD_LD,308606.881018377
KD_LD,209713.816903031
KD_LD,142502.166554915
KD_LD,96824.6450872642
KD_LD,65783.5554328639
KD_LD,44690.2388914337
KD_LD,30357.6998474344
KD_LD,20619.7285362871
KD_LD,14004.0011187573
KD_LD,9509.85584065364
KD_LD,6457.22922286389
KD_LD,4383.9673802613
KD_LD,2976.02281874207
KD_LD,2020.00656892421
KD_LD,1370.93710775953
KD_LD,930.319610751955
KD_LD,631.247295741868
KD_LD,428.275930402682
KD_LD,290.542715611844
KD_LD,197.090318492476
KD_LD,133.689636834226
KD_LD,90.6811190586367
KD_LD,61.5082606146415
KD_LD,41.7214444149605
KD_LD,28.3013589208295
KD_LD,19.199533109687
KD_LD,13.0263612931892
KD_LD,8.839306989495
KD_LD,5.99914095272392
KD_LD,4.07237621259356
KD_LD,2.76506684377809
KD_LD,1.87789609245953
KD_LD,1.27571277245776
KD_LD,0.866871243237361
KD_LD,0.589222106132161
KD_LD,0.400613847746463
KD_LD,0.272453510147483
KD_LD,0.185341540337711
KD_LD,0.126112749439098
KD_LD,0.0858303596980205
KD_LD,0.0584260779371424
KD_LD,0.0397780161707607
KD_LD,0.0270854493245646
KD_LD,0.0184446750100281
KD_LD,0.0125612749872598
KD_LD,0.00855492548982027
KD_LD,0.00582623301730076
KD_LD,0.00396766843783286
KD_LD,0.00270185400938392
KD_LD,0
KD_LD,0
KD_LD,0
KD_LD,0
KD_LD,0
KD_LD,0
KD_LD,0
KD_LD,0
KD_LD,0
KD_LD,0
KD_LD,0
KD_LD,0
KD_LD,0
KD_LD,0
KD_LD,0
KD_LD,0
KD_LD,0
KD_LD,0
KD_LD,0
KD_LD,0
KD_LD,0
KD_LD,0
KD_LD,0
KD_LD,0
KD_LD,0
KD_LD,0
KD_LD,0
KD_LD,0
KD_LD,0
KD_LD,0
KD_LD,0
KD_LD,0
KD_LD,0
KD_LD,0
KD_LD,0
KD_LD,0
KD_LD,0
KD_LD,0
KD_LD,0
KD_LD,0
KD_LD,0
KD_LD,0
KD_LD,0
KD_LD,0
KD_LD,0
KD_LD,0
KD_LD,0
KD_LD,0
KD_LD,0
